movie_id,quality
1,4.139643372985242
2,3.1820410944686794
3,2.9789655908581323
4,2.733117099933135
5,2.945911871505519
6,3.8643114383859634
7,3.3628299048038084
8,3.0162493327488034
9,2.5928121652186094
10,3.5254197237324867
11,3.7457718495735417
12,2.3189097728855073
13,3.2544880660365316
14,3.47902881897251
15,2.4642604922602387
16,3.7795295368428055
17,4.018016427120825
18,3.2786663417021655
19,2.4603874477863727
20,2.5316339336040405
21,3.6292147452678702
22,3.316168227767691
23,2.8372674658856387
24,3.146590292293074
25,3.6490088957845144
26,3.4918910554191087
27,2.814327660144637
28,3.999038176387309
29,4.028656974220477
30,3.621154399955081
31,3.0867483954711035
32,3.9322033639220804
33,2.7350702817529893
34,3.88449457792268
35,3.287071342958691
36,3.944405220691908
37,3.1922013267345437
38,2.6682430247473645
39,3.6173959341060873
40,3.786166612314051
41,3.9400344723381715
42,2.8341825914347556
43,3.441876781955286
44,2.7345160386198923
45,3.432366665697778
46,3.0787570340689436
47,4.084079362009645
48,2.969882934428984
49,3.6618603444746687
50,4.4804321604143675
52,3.6282579355203475
53,4.633946960319937
54,2.473745114293975
55,3.0515283608303503
56,1.9635296138949898
57,3.3881431660482004
58,4.065310914000958
59,2.563702153703129
60,3.21863298315562
61,2.965010222112416
62,3.667451370504604
63,2.840351514224607
64,2.1949208537581106
65,2.0024744139220676
66,1.6631380391834372
67,3.309787022701055
68,3.3700195497673224
69,3.6500011922907807
70,3.162608332967554
71,2.1010344567948884
72,3.5744711894729115
73,3.801556191022397
74,2.9022974573161977
75,1.8237488630155254
76,2.8515697420363826
77,3.641781368617528
78,3.075503115194129
79,2.5939513777756007
80,3.745349196353081
81,3.142110838069986
82,3.7676795771024523
83,3.6377802530448946
84,3.017058067575858
85,3.3972214964294034
86,3.3363968890197073
87,2.160423073568512
88,2.891773853009767
89,3.047378684886846
90,3.5408020842865313
92,2.273204457965592
93,2.23968261008934
94,3.664702182814801
95,2.897760738497665
96,3.538886156313626
97,3.6537147754766868
98,1.8741852754643205
99,3.3710317584968763
100,2.964481782019629
101,3.860391053943906
102,1.7866581596284816
103,3.0942875772641623
104,3.486515007386532
105,3.215253498547411
106,3.3257382088798884
107,3.127667370942736
108,2.963499636787878
110,4.233410600127541
111,4.163349653819428
112,3.4382965862012056
113,2.8886572003681996
114,3.025137939192873
116,3.9254070870660995
117,3.5150228303432707
118,2.9503851343698835
119,2.44171005610143
120,2.41854057369154
121,3.976417999625454
122,2.7822086580635705
123,3.789444403828561
124,2.9265299024861307
125,3.8138771733426884
126,1.9133703076937552
127,0.3859649122807017
128,4.278769001852972
129,3.1889486933574482
130,3.4257952425470615
131,2.966891007814363
132,2.4559337597693527
133,0.320754716981132
134,3.209677419354838
135,2.8378388142247797
136,3.3584807566318835
137,2.897691023553432
138,2.2711771112216623
139,2.6887417218543046
140,3.1521348904491253
141,3.542333885677555
142,0.625
144,3.373957168007176
145,3.2832558497903586
146,2.5855291011174004
147,3.496339483514073
148,2.6767599581202806
149,3.6605222368387564
150,4.0414457802552635
151,3.5417327207759888
152,2.9976675718472165
153,2.644869189260882
154,3.7138310632317286
155,3.3618672153986373
156,3.5012277510613554
157,2.6959597934538486
158,2.952406673368792
159,3.260006009686712
160,2.1953776046615285
161,3.711309263434063
162,4.052809688384075
163,3.451770269121372
164,3.512397930061401
165,3.577355486281537
166,2.33984660220265
167,3.184805790534765
168,2.9363871080458774
169,2.038918215852019
170,3.1142347608975203
171,3.52981513980777
172,2.573247919685082
173,2.3002909648978873
174,2.2209053911288605
175,3.464830612761607
176,3.8947924404158387
177,2.7018142448958815
178,3.400544374391382
179,2.1302820842538486
180,3.495385981683309
181,1.5603943093248638
182,3.1100451289519646
183,3.3362635926152753
184,3.1590242927267043
185,2.8746443120113185
186,2.7258400460666836
187,3.236081528579223
188,3.225096899916404
189,3.2976079164734267
190,3.644400300256888
191,2.454460868882987
192,3.501466275659824
193,2.049455842194712
194,3.697302315404773
195,2.8112152530758396
196,2.832704276133834
197,2.9789818789764557
198,3.312197158116795
199,3.8053502545858526
200,2.1757929332115573
201,2.6316325334360107
202,2.3612162290550325
203,2.994532358698309
204,2.8881274457946127
205,3.61102143642043
206,3.614261898569684
207,3.086188561638108
208,2.6346596720547355
209,2.404565692842952
210,3.0789407915714295
211,3.5243588744153116
212,1.7374328882610621
213,3.9966534388633113
214,4.2318614666778895
215,3.786936710779392
216,3.0950884815157553
217,2.554925859217888
218,3.1103612232949827
219,3.0528074926513624
220,1.6918880268131167
222,3.509519187741634
223,3.9292723552903466
224,3.3724155639953373
225,3.114790305829234
226,1.6288659793814433
227,2.634138526045982
228,2.1092221239419326
229,3.4755468124287057
230,3.443689151237605
231,3.1343721976916132
232,4.056867777540011
233,3.6100167141733053
234,2.1809988595283056
235,3.674856274617011
236,3.2546419126744093
237,2.909453274253113
238,2.8102725381510245
239,2.8376328197996172
240,2.59859125515031
241,3.2029242017240183
242,3.4712740779500386
243,2.028692981632781
244,1.9341895771356308
245,2.574889898335405
246,4.164349236419742
247,3.8231533584518007
248,2.9317727845133645
249,3.699517634791803
250,2.5422458577206464
251,3.194723458533613
252,3.227099632470848
253,3.5078916445602384
254,2.9842506692346187
255,1.9811646352071677
256,2.648280877116113
257,3.1758899711641795
258,2.351724886707259
259,2.855785953783257
260,4.463971791100695
261,3.625807310158311
262,3.7843813015196783
263,3.862986836180482
264,3.0175051616410813
265,3.91653851926998
266,3.4347920644824477
267,2.7560622924067415
268,3.2807566021329024
269,3.4700391731530025
270,2.9678028364473663
271,3.1127766347084735
272,3.7165550531046856
273,2.8852205513192253
274,2.197921751151642
275,2.4646082877326765
276,2.6541563603967875
277,3.1225583489351925
278,2.6552963528523814
279,3.6978906754668124
280,3.527761147678841
281,3.6305107609685243
282,3.229542798890065
283,2.9234755448581993
286,2.1664374140302614
287,2.875864281390657
288,3.15180879981343
289,3.277714898485508
290,3.8089753826563366
291,2.1368318321672293
292,3.2864678936642653
293,4.0914715628690805
294,3.01067607478558
295,2.651791022794951
296,4.259954933730743
297,3.1111291768028297
298,3.807005788159953
299,3.6121731609973686
300,3.7575243221008385
301,3.305957905296192
302,3.787124408390621
303,2.9382550898031354
304,3.0770210391785096
305,2.466674104085833
306,4.195169406156817
307,4.071653290374254
308,3.949273367394685
309,3.6134750170404026
310,2.6588170182311552
311,2.6210995542347697
312,2.378583038359909
313,2.869765279897338
314,3.7727377325250875
315,2.6748294936364494
316,3.4745214931916375
317,3.1686035656469116
318,4.527148772008906
319,3.8678797430929723
320,3.25579079023699
321,3.6777170028023423
322,3.665062332736801
324,3.912783919442842
325,2.374720036675138
326,4.287342787083726
327,2.5878889186569487
328,2.9984583486219187
329,3.3620798204589146
330,2.671074414429578
331,2.8688172281625564
332,2.533336226691763
333,3.4596983707318447
334,3.8218599890272227
335,3.3864763556150748
336,2.4831703878460054
337,3.8419088972307787
338,2.869184940999366
339,3.4553188792125744
340,3.2353095098660107
341,3.6551309385862347
342,3.6738169200098687
343,2.3248192479811554
344,3.1527065082376255
345,3.8240080999219996
346,3.5238306296654263
347,3.026361031158009
348,3.6867805947333525
349,3.7314357721889593
350,3.34915676791119
351,3.3483908859615896
352,3.0814598213508697
353,3.435308903357904
354,3.0652509479243997
355,2.3584495398010668
356,4.070076475891159
357,3.7372661497209942
358,3.160257748941405
359,3.094570973206401
360,2.501793108733176
361,3.346369980114978
362,3.334416827912148
363,4.230979913389495
364,3.8552780506950524
365,3.1163204502496082
366,2.731137842239899
367,3.261488216731991
368,3.537340325416017
369,3.3049267477842146
370,2.889031127450408
371,3.167126768199301
372,3.138852381680968
373,3.8425100423192213
374,2.1184589264464604
375,3.2080777101978453
376,3.209583863670111
377,3.5662410924271066
378,2.8772783673387434
379,2.871392278335161
380,3.6339206928915844
381,3.2171058865539752
382,2.9364760315079277
383,3.2788413598023243
384,2.8682467475161344
385,3.1569049234069677
386,2.6205228919102317
387,2.757435942997797
388,3.6640133413566374
389,3.6138975647118694
390,3.4081382043691075
391,3.127635497352468
392,2.8644748224012084
393,1.7984988503197468
394,3.5090269248349872
396,3.3204172876304026
397,2.023682276963177
398,3.787556904400607
401,2.6727487797250813
404,3.609443346354091
405,2.115653072363247
406,3.590920241526709
407,2.8957563609682695
408,3.2881090512657423
409,2.935184221466544
410,2.928632738466132
411,2.5665686560064627
412,3.5537762028494173
413,2.528295790262658
414,2.704240805441929
415,2.4647502944173287
416,2.394560190372923
417,3.467629298803437
418,2.3065113925196385
419,2.176832362760277
420,2.507729991985064
421,3.368173075441042
422,3.1424655548757277
423,3.1242356470760293
424,2.573256539989832
425,3.5966770411606763
426,3.0470353382580306
427,2.3327901108143303
428,3.869611530937693
429,2.343727303516448
430,2.340239349421614
431,3.6954744240728368
432,2.6034928987297854
433,2.6992925668431784
434,3.0934868605836274
435,2.610823430062897
436,2.61351210267332
437,2.0496159353113925
438,2.591686701725842
439,4.253403044264631
440,3.7876950327637418
441,3.675238627054137
442,3.011667225009453
443,3.3136168436696876
444,2.2678673281758797
445,2.5519392151998153
446,4.055222302329125
447,2.345254092183298
448,3.5946413924853657
449,3.633856001637665
450,3.268140850634421
451,3.0541172062288977
452,3.1706057532479277
453,3.1237450731808245
454,3.5463064994435824
455,2.6071182159652486
456,3.9544868106904976
457,4.088981359383716
458,3.289831904906781
459,2.8021699542757266
460,2.2348605816416
461,3.263468502456112
462,2.4965900514560015
463,2.7099522692787
464,2.7893595156983033
465,3.315233286503277
466,2.8167007099703185
467,3.1888988527830344
468,3.277058859474276
469,2.9332783045171102
470,1.7332739525186294
471,3.601179921639212
472,2.632645161342728
473,2.2188852057686708
474,3.7977755705509426
475,3.847000462627472
476,2.681940708273213
477,3.442064084580543
478,2.3282311895878314
479,2.7827314566091825
480,3.7840991107857835
481,3.377037605538758
482,3.4559152085442983
483,3.6449533115576855
484,2.55138745427383
485,2.476975551606156
486,2.7480513003156624
487,2.4986533124987913
488,3.285619447836131
489,2.400199602624196
490,3.353556694354972
491,3.3147369702566922
492,3.66998152919911
493,3.5979099839734046
494,3.370313378636133
495,3.2500124863550686
496,3.1670705845286515
497,3.9525039520005345
498,2.733819582983841
499,2.643196935545749
500,3.404937925507431
501,3.540987168607655
502,1.910846752519572
503,3.4332807629424966
504,2.9712783728544365
505,2.4407240386457483
506,3.4390392482873464
507,3.4933366902464567
508,3.8803217127148453
509,3.6766172336816485
510,2.3715977256063
511,3.1076501638447573
512,2.836970784729171
513,3.0535677626856605
514,3.496969921958678
515,3.909647601098259
516,2.8380367176306494
517,3.160196229494393
518,2.456179472740563
519,1.8664849571069024
520,2.8864155733299683
521,3.313251515195435
522,3.5525669781706415
523,3.6495462767315727
524,3.5823009989086523
525,3.2199050361462236
526,2.274008394773418
527,4.48708477458728
528,2.4990523270317535
529,3.9634751372780976
530,3.5716753022452505
531,3.7373484869215456
532,3.0460238757836477
533,2.7018430247934946
534,3.8170776629893943
535,3.811894671768023
536,3.2112438295801744
537,3.0429971879265536
538,3.7892606788084895
539,3.7473756945819643
540,2.2195040454149644
541,4.256410328383803
542,2.6531835265965293
543,3.3863974888491777
544,2.635681175553213
545,1.5434782608695652
546,1.8515094194699324
547,2.8812587846401376
548,2.554175153944293
549,3.8119528171116217
550,2.974438554992369
551,3.7094052248634974
552,3.2372249322813214
553,3.895674207632156
554,2.6068852642296614
555,3.8993862460392528
556,4.205262572312544
557,3.617021276595745
558,2.6610761163316403
559,3.6120192695522926
560,3.5053441694416074
561,3.4889869524527155
562,3.784810154620274
563,3.175594856213074
564,2.279988324396988
565,3.093219228688259
566,2.884272811983742
567,3.4088370002870345
568,3.757082568534108
569,2.9128448508725766
570,3.1812389132929653
571,3.580093421508999
572,3.9483116733152084
573,3.6729065832079066
574,3.4442702109307914
575,2.831219404290257
576,2.10077519379845
577,2.8733944628837085
578,3.5194451297800384
579,1.25
580,3.1442130857533863
581,4.020293222108928
582,2.58356940509915
583,3.6211242471179528
584,3.5716753022452505
585,2.9279093332667006
586,3.1248240391177937
587,3.4729407719842253
588,3.7967571710964902
589,4.054768908228024
590,3.91823258747288
591,1.4192970691861164
592,3.6137621282573704
593,4.332928523406377
594,3.8485630846325996
595,3.8785034981280906
596,3.7753084131113646
597,3.602596532532107
598,3.928505398705847
599,4.098760384907826
600,2.8639807904667824
601,1.875
602,4.111241933745247
603,2.9394408419458635
605,3.221174417874028
606,2.1177718846706237
607,2.2067878374400327
608,4.251905559904577
609,2.7542383661017733
610,3.5532999462170842
611,2.4372547006486602
612,2.4184206193471276
613,3.588065134608634
614,2.490186174587557
615,4.039804469464168
616,3.351069941950115
617,3.5721996373865665
618,1.8393795862379914
619,2.5204244017978685
621,3.67284262230884
623,2.9254078515067254
626,2.2846817425328485
627,3.5103020490042027
628,3.847653992623009
630,2.714119911699449
631,2.0008476665656674
632,4.029984684012175
633,3.5624755655031635
634,1.3609389015481737
635,3.495202931746531
637,2.5446131771370184
638,3.0934411106453794
639,2.6519828045723126
640,2.661333348915966
641,0.7457264957264959
642,1.478260869565217
643,2.1373996193659193
644,1.25
645,3.6345811744190777
647,3.5436979153347807
648,3.43690247203406
649,3.9847005259572224
650,3.4127683176299404
651,1.25
652,2.5876108040459664
653,3.198195784113919
656,2.5589161079076264
657,2.710227272727273
658,2.003731343283582
659,3.629725335959451
660,1.2605763422730178
661,3.4736923793003345
662,2.9302809915436554
663,3.3918645456640393
664,2.7506213055092905
665,3.534734248222194
666,3.1153445495067316
667,1.9298810210487423
668,4.345530141817149
669,4.13264106277462
670,4.3295690559852
671,3.6490690353420385
672,1.2500000000000002
673,2.617522800821254
674,3.0249630208002607
678,4.237073635155436
679,3.1152102576478238
680,3.367666235372225
681,3.759880475183488
682,3.2290916502146954
685,3.4326986732386313
687,2.9482585235520045
688,2.277143073811746
690,2.6941747572815533
691,3.0396789110955407
692,2.0969758188292036
694,2.6196025864110104
695,3.099973705792956
696,3.1314395555388375
697,2.5761282382195203
698,1.970634021117789
700,3.2933883004928126
701,3.5716753022452505
702,3.54713680954932
703,1.3605577869572425
704,2.3047241865212422
705,3.7581109620178297
706,2.519452243083516
707,3.0312856745043972
708,3.423410572648217
709,3.058136772039647
710,2.306243848585067
711,2.45477842705681
712,3.1119282285831877
714,3.907724199716609
715,3.567540569825456
716,2.57566889989807
717,3.7038834951456314
718,3.370935478881743
719,2.833352199349764
720,4.395816397048176
722,3.767450952971637
724,3.0497435485103503
725,2.7238207947065387
726,2.722456156502037
728,3.7294722407970253
729,2.8628557188267303
730,0.5842880523731587
731,2.8239664342069157
732,2.7180847264245283
733,3.7275514752771772
734,2.811536135305942
735,3.2347831980391204
736,3.1660520380763906
737,2.026950743676211
741,4.074091876793582
742,2.5282935644593088
743,2.4975707662757443
744,2.0124793871300892
745,4.486495260302337
746,3.787586241682749
747,1.9265508825109774
748,3.1460534798876467
749,2.6834160563871428
750,4.429066907785225
751,3.3544784012443767
753,3.1228144915118796
754,2.6019198889902597
755,3.6257921684512247
756,1.9502023031434799
757,3.604353286511951
758,2.337152209492635
759,4.035510205175838
760,3.3284619674418123
761,2.7519725813112927
762,2.1636112752505454
763,2.678756476683938
764,3.1850248054560875
765,2.628062417988908
766,3.566541161825689
767,3.116015138845177
769,3.2712928655995137
771,3.6141477016988337
774,3.7038834951456314
775,3.02106055765
776,2.872588101707863
778,3.930485945733315
779,2.703009360666475
780,3.4984887410444068
781,3.3664731795857747
782,2.565526464554695
783,3.211984248952856
784,2.731303845131749
785,3.4652490935939295
786,3.142516617776528
787,4.663677130044843
788,2.9941906427041203
789,1.867691916624301
790,2.557894736842105
791,2.949579831932773
792,3.467625899280576
793,2.4419878528635977
796,3.1061491147088813
798,2.674852815522233
799,3.3002159313142365
800,4.0718657683753054
801,3.0606534975214688
802,3.483550534330331
803,3.599674544025608
804,2.9561090395504475
805,3.5977872646245594
806,3.1202324967085944
807,2.812078641576207
808,3.256638401395614
809,2.5371758210045208
810,1.4241960337925932
811,3.465630757750906
813,2.4983411188570055
814,2.1451965065502185
815,1.8687898006942696
818,2.542364844408418
820,3.068965930313947
821,1.8961970510459139
823,3.0532788159237723
824,3.794059990253153
826,0.5245901639344263
827,2.6787564766839385
828,3.0026385638690476
829,2.218013248803862
830,2.906008314300957
831,3.638822605452536
832,3.4488158705350873
833,2.1585548917894477
834,1.950801479559367
835,3.106548680790363
836,2.639524653136693
837,3.442540662648751
838,3.87308685008307
839,2.2184418925611875
840,2.57152726324568
841,3.4569892852121518
842,2.505889755720123
843,0.7271241830065359
844,3.4807032837516507
846,3.6938547530764123
847,2.0402321165806288
848,3.4747455013018227
849,2.5198675887145376
850,3.6260302766457633
851,3.4618816746638577
852,3.2104910842306285
853,3.8327605577045007
854,3.5333726080968613
858,4.530790488768577
859,1.25
860,3.434874810892458
861,3.491228713084034
862,3.560412151309589
863,3.342503584204943
864,3.253018738664458
865,1.4177215189873418
866,3.8204796192369144
867,2.1638087890215982
868,2.722543352601156
869,2.9880702981451015
870,2.1504044566232916
874,2.958324914352354
875,3.3911356920268596
876,3.0390258450577723
877,3.1493626091307276
878,3.5315315315315314
879,2.8332965682194837
880,2.2127509968357755
881,2.618074356348358
882,2.6453208050538395
884,2.6787564766839376
885,2.471337757433906
886,2.8793325430125085
887,2.1658950977686247
888,2.1465977500643256
889,1.8267716535433072
891,2.2420248178521502
892,3.8259109692560793
893,3.5998044598415153
895,0.625
896,3.2793606272373124
897,3.6958679789355866
898,4.275802172900902
899,4.264842901228094
900,3.8240401936732837
901,3.6084763579384025
902,3.9181311361851647
903,4.241094949867914
904,4.451621852917867
905,4.27371328219825
906,4.079502471181483
907,3.9357213561663893
908,4.359142815745112
909,4.128613705356638
910,4.269303294332042
911,4.144493553012913
912,4.412198897642943
913,4.370015576240247
914,4.146623051728642
915,3.928402824150917
916,4.170187464551904
917,3.559248636375243
918,3.7279070275779733
919,4.2500047934508025
920,3.9819869547539213
921,3.8667838702606216
922,4.4558828625833025
923,4.377297829777507
924,4.048708439239994
925,3.116554575840831
926,4.247470284301321
927,3.939340309134343
928,4.202975342276577
929,3.734430675589113
930,4.27511878038928
931,3.921777033923073
932,3.844148890714502
933,4.07860978754721
934,3.6434533959407376
935,3.614075376094366
936,4.073637943454534
937,3.6921798651953432
938,3.617192465170941
939,3.1339449038236733
940,3.990001850305221
941,3.741664624128501
942,4.161117121566658
943,3.9540708947210126
944,3.792918882842555
945,4.114970278191775
946,3.8709262057328595
947,4.10376243269159
948,3.7279953717092136
949,3.973166759070699
950,4.217937081306695
951,4.226189375498756
952,3.5656631293059364
953,4.278021246967828
954,4.225288657698638
955,4.148801958241289
956,3.522892505292038
957,3.2533660911256
958,3.2462869881695973
959,3.7794583414935508
960,3.4765893762968934
961,3.4872722528506017
962,3.3918619590864276
963,3.504129862419672
964,3.4307029904034843
965,4.045249470142276
966,3.7286616266077015
967,3.215689213769562
968,3.660556990635841
969,4.241944751666031
970,3.4631235402355953
971,4.0134626395187745
972,3.0022205084346276
973,3.9158626682765023
974,3.544281323798906
975,0.4885386819484241
976,3.6030285656297876
977,1.6164383561643836
978,3.970325040848041
980,2.6097332613020754
981,2.6469708149939164
982,3.6888024134298867
984,2.6108136898602603
985,3.6526042212882586
986,3.6114390459495644
987,2.8657501220624377
988,3.3740022343163356
990,2.528472161311084
991,3.5119159727253737
992,2.600121575246932
993,2.910501491678488
994,4.072720566683369
996,2.934371295209512
997,3.363225508326102
998,2.92767812931607
999,3.2544510476971995
1000,2.776952679579179
1002,4.102554667540533
1003,2.930874813052953
1004,2.6498630050534326
1005,2.388042423087892
1006,3.07585105106732
1007,2.9629354984740366
1008,3.3902226900116093
1009,3.1578962457564788
1010,3.2572202636161385
1011,2.757128220590872
1012,3.686319119555026
1013,3.547845895945326
1014,3.380642582645838
1015,3.343777541150832
1016,3.2197248036384507
1017,3.563359382729344
1018,3.250841255356397
1019,3.7074043884586323
1020,3.195294060470816
1021,2.7816350227425413
1022,3.7433850598133347
1023,3.981152220405376
1024,3.216977030578093
1025,3.611669894199722
1026,3.6207862040452423
1027,3.1666160826706173
1028,3.896113717924066
1029,3.6816397828936407
1030,3.0708644767450353
1031,3.453674311458237
1032,3.699212643108162
1033,3.426040466415433
1034,3.587114994413234
1035,3.9530876118500453
1036,4.114702604879317
1037,2.644482149661929
1038,3.139517911441267
1039,3.5966386554621854
1040,2.7266596147241926
1041,4.009688457355707
1042,3.4729329846423176
1043,2.8380824387376204
1044,3.1950641057000904
1046,4.040826188697949
1047,3.5060788816687958
1049,3.2793757283098155
1050,3.805541102383452
1051,3.29894499791475
1053,2.9182218426555684
1054,3.279564533673549
1055,2.7070978612274708
1056,3.45007128162845
1057,3.5218183835711354
1058,3.2758548152590734
1059,3.3605811907537837
1060,3.917435320700109
1061,3.503062101187724
1062,2.0
1063,3.049494291902802
1064,2.8831758122961433
1066,4.117781773187156
1067,3.7132345574746095
1068,3.6511827095357448
1069,3.9252272356263553
1070,2.6787564766839376
1071,3.3847523720795256
1073,3.8473209589154354
1076,3.798629723410629
1077,3.963684306315574
1078,3.8204394406465556
1079,3.9602944268702127
1080,4.00745029517128
1081,3.6029035862645933
1082,3.657810987506053
1083,3.4681698922568773
1084,4.087304767786724
1085,3.75926591304357
1086,4.061608279570311
1087,3.3153488381348
1088,3.2968399440093465
1089,4.1242235697029095
1090,4.082039743334869
1091,2.770214968293763
1092,3.5246914625429038
1093,3.3871984787330898
1094,3.724238287228371
1095,3.883310618279292
1096,3.9604994507232254
1097,3.984718747186482
1098,2.2058699088391402
1099,3.978207856460699
1100,2.771816308007081
1101,3.6974320938891494
1102,2.074167375652241
1103,3.9145173753423985
1104,4.209427908716228
1105,1.6902918824378017
1107,1.3156404239825228
1111,3.9695555455185
1112,3.3296805682230843
1113,2.9386549997286333
1114,2.723723429758421
1115,0.625
1116,3.1674776394700497
1117,4.0980192969587605
1118,1.25
1119,3.2014263789253152
1120,3.582212184313993
1121,3.167600757651993
1123,3.725621018495821
1124,3.7055569114181726
1125,3.7533072454820076
1126,2.364017552471511
1127,3.66983991349674
1128,2.919188917353134
1129,3.46181496435002
1130,3.2498469723439816
1131,4.290246569798496
1132,4.2472619290013025
1133,1.8557608131767074
1134,2.620786516853933
1135,3.175834199036969
1136,4.328452367357987
1138,3.70313269508187
1139,3.76984126984127
1142,0.625
1144,3.7049014859748555
1145,1.9128660324536613
1147,4.306644332967368
1148,4.466500674554242
1149,2.705433330098601
1150,3.8977898736629646
1151,3.5571010550434057
1152,3.344393983327315
1153,3.1949496579913665
1154,3.5654206446850916
1160,2.27270659357885
1161,3.9372668911190085
1162,3.857336349952119
1163,2.808927138074362
1164,3.4523748158162655
1165,0.7774294670846394
1167,2.8722986990366968
1168,1.9272566551096044
1169,3.7551812471012993
1170,1.6037631319219092
1171,3.718101805398234
1172,4.253602733574711
1173,3.3187101863650903
1174,3.505459002989088
1175,3.984334467949754
1176,3.861147424184521
1177,3.924633387286973
1178,4.441941420868657
1179,3.7623344697412353
1180,3.899141207319679
1181,2.719875519768543
1183,3.5914387794884814
1184,3.7735149891699917
1185,3.9578771639542607
1186,3.593360286169865
1187,3.614950608557835
1188,3.9397996706704843
1189,4.217249463450146
1190,3.432515958839192
1191,3.0526393535520624
1192,3.9881011645444424
1193,4.383700133568824
1194,3.4540444608338756
1196,4.3051269302485276
1197,4.281893653512316
1198,4.483309111975642
1199,4.074500270314929
1200,4.119708801195714
1201,4.130217091883433
1202,3.590564778330423
1203,4.2916291048739525
1204,4.397380679666352
1205,3.3794364462255713
1206,4.059728649324801
1207,4.401359218745499
1208,4.234711193770924
1209,3.9636993354693004
1210,4.043410654723459
1211,4.088277315672243
1212,4.432097876028427
1213,4.255522777307517
1214,4.158145903962835
1215,3.794645785146262
1216,3.630600457781721
1217,4.259891591002092
1218,4.142158746628065
1219,4.211402764720714
1220,3.936348718119459
1221,4.378583322866458
1222,4.106420955581925
1223,4.289215693745449
1224,4.294642496978237
1225,4.2419990751564045
1226,3.99896248822589
1227,3.833084511201397
1228,4.1680167483023185
1230,4.11787070601449
1231,4.059103561016105
1232,3.6258145866657876
1233,4.319773872402052
1234,4.298430607361809
1235,4.137521903835969
1236,4.1378635529921555
1237,4.202597872049133
1238,3.9682579370807995
1240,4.146976838859844
1241,3.2514184041544083
1242,4.155766297156645
1243,3.947353930224278
1244,4.05168387500001
1245,3.9576975607587386
1246,3.982138475963515
1247,4.238409839006697
1248,4.17914431331215
1249,3.9787210952110854
1250,4.372814365002202
1251,4.04985819075891
1252,4.312365413035648
1253,4.1473748166687034
1254,4.277629263347658
1255,3.425716503913399
1256,4.222858560299378
1257,3.8859038633278637
1258,4.079159979025881
1259,4.076202773642109
1260,4.26142493726561
1261,3.8275208341805342
1262,4.342879868124132
1263,4.105355558293621
1264,4.044458446828433
1265,3.948487711239994
1266,4.084851603865071
1267,4.307564934246953
1268,3.468748646743273
1269,4.131500986503509
1270,4.002551852951282
1271,3.795155356240409
1272,4.252251571411584
1273,3.9505621318531277
1274,3.923563605025305
1275,3.852163875182833
1276,4.240809050529678
1277,3.916387673915126
1278,4.232973663600489
1279,3.7206613765312353
1280,4.137210174882437
1281,4.000105625822294
1282,3.9086329725245865
1283,4.195695883179505
1284,4.25616789737301
1285,3.800309252658049
1286,3.5455941058104905
1287,4.096143024435027
1288,4.158148328026014
1289,3.9647675066621146
1290,3.540605549106395
1291,4.126024066168045
1292,3.9761119598875996
1293,4.123490966094063
1294,4.125322145886499
1295,3.5807450666439684
1296,3.9777305309776816
1297,3.672225375165818
1298,3.6209148237183078
1299,4.237188921171813
1300,4.115329799010157
1301,3.9834028082971367
1302,3.899377502338675
1303,4.086113591257802
1304,4.220837885907657
1305,3.8024138633480233
1306,3.549464866302902
1307,4.049679300765041
1310,3.416521151409511
1311,0.9498861047835994
1312,3.1023229284164278
1313,2.1358360591980285
1315,2.2556128310196555
1316,2.933333333333333
1317,2.98106090003926
1320,3.0229180733154752
1321,3.7361501753551165
1322,1.6321091291611987
1323,1.3277995600761128
1324,1.618895373896197
1325,1.6273536870273075
1326,2.048328281848145
1327,2.906218669627794
1328,1.8707484078615488
1329,2.645548375332815
1330,2.937863216862595
1331,3.1472600079315836
1332,2.9057875128039887
1333,3.890273857512834
1334,3.1208420650845508
1335,1.6309945326488458
1336,2.165403442447559
1337,3.492550905168571
1339,3.33720149931515
1340,3.936767858375537
1341,2.739820478232668
1342,2.8509289880973046
1343,3.6457925565351217
1344,3.91189060305684
1345,3.586022249451692
1346,3.145303269859679
1347,3.46848364721254
1348,3.9890323642839425
1349,2.952022495884676
1350,3.6299121248040533
1351,3.2584863520300176
1352,2.821540356537695
1353,3.075179711263027
1354,3.8324110476603708
1355,2.9537782351626296
1356,3.7048666654714855
1357,3.7990633252604393
1358,4.188453461593079
1359,2.421765260355636
1360,3.3233752620545074
1361,4.231572664497234
1362,4.007181912227127
1363,2.9553902702062826
1364,2.994112845084357
1365,3.828686218112093
1366,3.1299657232745832
1367,3.037110656202668
1369,3.408687186801769
1370,3.559718290032114
1371,3.1360030030971053
1372,3.4028219876042365
1373,2.733590735572462
1374,3.891509644382696
1375,3.3698436321876257
1376,3.6531943065361863
1377,3.0074359268252286
1378,3.431748462340128
1379,2.947260608003281
1380,3.557189485295413
1381,1.9545340981174657
1382,2.789733493612112
1383,1.4205783273959394
1384,3.5889525823652586
1385,3.27813181876348
1386,0.625
1387,4.098816297327157
1388,2.6166400707631223
1389,1.811842169261647
1390,3.1633101916354542
1391,2.9000566904127325
1392,3.6796029970055057
1393,3.739607708582461
1394,4.000313055296066
1395,3.3385295596315494
1396,3.7010721337893555
1397,3.567907879401048
1398,3.066844293862934
1399,3.1645478914511296
1401,3.5076334902390505
1404,3.1095907476277143
1405,3.0230416268706226
1406,3.391530036058887
1407,3.544012763107509
1408,3.80298949982082
1409,3.0503433718433364
1410,2.8053066027121436
1411,3.9438582627868004
1412,3.6830954848864117
1413,3.4127592487631873
1414,3.576856198626748
1415,3.446493111615219
1416,3.242479832587375
1417,2.7903935735030476
1419,3.9394830108991976
1420,4.05597988186033
1421,3.0314388190828745
1422,3.04721451292797
1423,4.273255048184094
1425,3.264254557370181
1426,2.524015153038096
1427,2.260628493119722
1428,3.214797795120118
1429,3.3342864471481395
1430,0.9022988505747126
1431,2.562178173857254
1432,2.73132453276399
1433,1.0770640663211974
1434,3.5072463768115942
1436,2.7422734890568035
1437,2.8929686724761403
1438,2.814308888727584
1439,2.321191180999439
1440,2.673320194573504
1441,3.417870977060103
1442,3.0820237688789374
1444,3.36792012601538
1445,2.1436998259822446
1446,4.028877819772443
1447,3.248735643377127
1449,4.10918393983199
1450,3.669810940412854
1453,2.354295497078724
1454,3.041573164453091
1455,2.8008464222779956
1456,2.244612167298899
1457,3.0542976811562457
1458,2.7273685059208423
1459,3.3456930580007938
1460,2.6687056871286483
1461,2.5452248889472586
1463,2.933472369450544
1464,3.262368911004001
1465,3.488059732076122
1466,3.7655931787727277
1468,2.520029185893233
1470,3.471106758080313
1471,3.3815672972780733
1472,3.205489533880995
1473,2.7375108249677784
1474,2.3155249301761516
1475,3.040471459467936
1476,3.4551909461124737
1477,3.2663269796957857
1479,3.1901109212031367
1480,3.2985318062028766
1482,3.2714590264988384
1483,2.7098141280909025
1484,3.6677144510163293
1485,3.471743675730187
1486,2.9064103912568733
1487,3.0794370034161327
1488,2.90010055166558
1489,2.555713841991999
1490,1.8020352525895291
1493,3.42408317500018
1494,2.347212756437444
1495,1.292998574093896
1496,3.029566458206474
1497,2.0969413603969445
1498,3.0830482444784946
1499,2.179916658490485
1500,3.7959009465758378
1501,2.4983063321434993
1502,2.8423667298018684
1503,2.274978493382519
1504,3.2045262735239786
1507,3.3808710308645296
1508,3.2676405907986843
1509,3.4619294716068825
1510,2.3110989599722327
1511,3.3782098469139497
1513,3.0411649315664406
1514,2.435997774182911
1515,2.5628819151214413
1516,3.6110847643815496
1517,3.6991152079298404
1518,3.4314679529303826
1519,3.0834908618351533
1520,2.481591236493861
1522,2.3197222942409383
1523,2.4679281678800624
1525,2.101166382086274
1526,2.416191155232818
1527,3.652898496741221
1528,1.990435024923578
1529,2.9015946979336724
1531,3.4071201294645563
1532,2.724877970138888
1533,3.8077774136511464
1534,3.9575377567698635
1535,3.5089537654212886
1537,4.107409911399843
1538,1.746305129578929
1539,2.7096553921690107
1541,3.067625830425891
1542,3.4876797204539858
1543,3.1348620911340794
1544,3.021915537574196
1545,4.031632501756938
1546,3.6600853594924505
1547,3.2756038211464333
1548,2.3857192979461375
1549,2.6848477593656335
1550,2.7161457931270947
1551,2.7536184923912463
1552,3.2765986844778423
1553,2.3855202523482215
1554,3.460665867170452
1555,2.9495244044114477
1556,1.8363075137964728
1558,1.0305045592781736
1561,3.1186823683415748
1562,2.2529415698024216
1563,3.5858609710887377
1564,3.7350375372256672
1565,3.0390610039635884
1566,3.2478873865117013
1567,3.309957270370095
1569,3.3841181660043347
1570,3.100432402723777
1571,3.917592275736501
1572,3.661046664051194
1573,3.408513366458517
1574,2.730496559929948
1575,3.09798593007499
1580,3.7340064310836447
1581,2.82410139655371
1582,3.158623610574501
1583,2.6499436956476874
1584,3.7566066642194156
1585,3.096385628354547
1586,3.0832853004480327
1587,3.444692564436986
1588,3.073216416468906
1589,3.350795376084119
1590,2.5072588991107696
1591,2.6033935157141257
1592,2.462639390578062
1593,2.870897676280469
1594,3.7611367061484735
1595,1.721494442406296
1596,3.374531456184176
1597,3.425820431639977
1598,2.6824193499863025
1599,1.685608048270065
1600,2.8075501915597028
1601,2.6433925276180066
1602,2.064624498373641
1603,2.9027826537502244
1604,2.7464030291115993
1605,2.6401415248567424
1606,2.3651391459527464
1608,3.5926107879383866
1609,2.7491448206516997
1610,4.049087812708569
1611,3.2955586101730625
1612,3.221291860256619
1613,2.7871182948367417
1614,3.285172847803748
1615,3.571599891691032
1616,3.0860311048348383
1617,4.216830783903022
1619,3.4021812017997037
1620,3.3237928218856734
1621,3.2524481214045164
1622,2.117484716626281
1623,2.154514549869302
1624,2.6574702897361537
1625,3.8991748328742615
1626,2.485646940064403
1627,3.0791371225565305
1629,3.002622941924424
1630,1.25
1631,3.48336260000859
1632,2.408352872769176
1633,3.661330044590676
1635,3.7784282767222424
1636,2.2685974869012884
1639,3.761314378054737
1640,2.473109069044515
1641,3.864870139474607
1642,2.999411650722621
1643,3.831952632538976
1644,2.583040721875958
1645,3.409185191889257
1646,2.833565825131858
1647,2.8596617005121705
1648,3.344686228402885
1649,3.855537802860846
1650,3.2828905211496333
1651,2.826097509361883
1652,3.0283225279918087
1653,3.694078328742599
1654,3.2650576626195793
1655,2.4246471232136093
1656,2.9628774688280743
1657,3.4953894583940945
1658,3.148379948379697
1659,2.696265049435889
1660,3.5064405926124715
1661,3.1406652440938467
1662,2.564277052845968
1663,3.8158230902879504
1664,3.90883640656745
1665,2.622377741679068
1666,2.592236750708513
1667,2.7406900122357176
1668,2.441759086860851
1669,3.5575315340685085
1670,3.385710742846238
1671,3.0980488312753365
1672,3.5424848012988224
1673,3.782944590259197
1674,3.9691687131082856
1675,3.0349781523486903
1676,3.1444884563270574
1677,2.728638512521546
1678,3.802750456127931
1679,1.8512667453894371
1680,3.7580381007246877
1681,2.1313551495956324
1682,3.8373446813720786
1683,3.703758119975808
1684,3.659764654527647
1685,3.119975780542726
1686,3.1432581053559003
1687,3.051981506736588
1688,3.4863407636086663
1689,3.129493080076291
1690,2.9520575883963773
1692,2.3709694850814462
1693,3.6757382730889785
1694,3.714409206699196
1695,3.647380025006523
1696,3.5218231234786272
1699,3.5005083312238336
1701,3.403791381435918
1702,2.5789372989497044
1703,2.8169639496905816
1704,4.147907655448591
1707,1.846671268191681
1709,1.4385964912280702
1711,3.242510355712699
1713,3.020148351863887
1714,1.7770034843205575
1715,2.81313812089286
1717,2.9449769962783643
1718,2.43967752477296
1719,4.002492941967477
1720,1.1402212715667348
1721,3.5654373004347377
1722,3.4485945245422105
1724,2.2973977695167287
1725,3.804557263698429
1726,2.7037759633037384
1727,3.1917838342277305
1728,3.2746507603394166
1729,3.6846040665483493
1730,3.713450892564647
1731,1.8327108844659996
1732,3.7083957096351026
1733,3.0671909275588654
1734,3.81023140686897
1735,3.1906516326466487
1739,1.3416054511583106
1741,3.7105179552682364
1743,3.9430614513213675
1744,2.649733108735583
1746,2.6367383941054134
1747,3.4839435329494655
1748,3.822585798538494
1749,3.1588039055508026
1750,2.1909976345159934
1752,2.700985528110647
1753,3.102262132808684
1754,3.3929813719521955
1755,3.414703766154789
1756,2.445212812065868
1758,3.508041643451021
1759,3.906377619581827
1760,1.891444569296421
1762,2.7247271319387014
1764,1.875
1767,2.966870612489324
1769,3.125100028912462
1770,3.3691410578357224
1771,2.5156962093378676
1772,2.3557480173856393
1773,2.296065240052199
1777,3.485360223571392
1779,2.6632101175637186
1780,3.9028763737370937
1782,2.361231414445129
1783,2.888518300680554
1784,3.933103551729084
1785,3.3915353135487365
1787,1.25
1788,3.946248066449519
1791,2.860091355714144
1792,3.2018223603757017
1793,2.4216675994903873
1794,3.3907051618064625
1795,4.374483352751702
1796,2.3558731614971005
1797,3.9497930260097607
1798,2.5319443215264474
1799,3.344580810541569
1801,3.0275336280475846
1804,3.0010102633345217
1805,3.397755483375716
1806,2.8686308427147282
1807,3.2592168198236244
1809,3.633821384127052
1810,3.5542515709104143
1811,3.649680974950471
1812,3.3432851182875996
1814,3.002817646617947
1815,1.8
1816,2.944694313860302
1817,2.848416181923027
1820,1.7858376511226253
1821,3.1540856889745057
1822,1.988807572967523
1824,3.261540525838414
1825,2.6126851618582894
1826,1.5326519211914464
1827,3.9594772155206934
1829,2.9302562996376063
1831,2.5935112486636274
1833,2.9873413092343633
1834,3.9238855958798564
1835,3.2643965172588496
1836,3.2630557799538487
1837,2.543378886051194
1839,2.1834083549368852
1840,3.378029992143656
1841,2.942944187799694
1842,3.243781094527363
1843,2.101694915254237
1844,3.6480073371008115
1845,3.771267845606345
1846,3.231823321200955
1848,3.0452638526964404
1849,2.4415538775408825
1850,2.739749585455326
1851,3.4725274725274726
1852,1.25
1853,1.8741537541934192
1854,2.848751673136543
1855,2.3845629650892013
1856,3.020160273506883
1857,2.8559240201131053
1858,3.224682363617692
1859,3.4222363639728046
1860,3.6378829120443728
1861,2.860058309037901
1862,2.0544358690444153
1863,2.148354232036957
1864,2.658932242631892
1865,3.495644260409778
1866,3.10470933371059
1867,2.4355959484810144
1868,2.408450704225352
1869,2.326574516212817
1870,3.4136268387554014
1871,3.5967054273790704
1872,3.2178829054803724
1873,3.7617293979765822
1874,3.33652242833775
1875,3.332163217718229
1876,3.146261432323555
1877,2.4922819918948367
1878,1.87034342515273
1879,3.7637805179649972
1880,3.3360240757546955
1881,2.700045736021744
1882,2.302606336400729
1883,3.4297581650253672
1884,3.2657764972547945
1885,3.676970898036192
1886,2.3682067663697417
1887,2.423460979075241
1888,2.9678438925141157
1889,3.8293698901058497
1890,2.07272345566758
1891,1.9061019839825557
1892,3.3410002773344254
1893,3.7101402601087035
1894,2.895080265660334
1895,3.2041078071168383
1896,3.078252636291783
1897,3.4771168177652294
1898,3.590177017887643
1899,3.0091085652949543
1900,4.0624423180005085
1901,3.9294521853851974
1902,3.0833940405749063
1903,2.8467322072542998
1904,3.4654018512324485
1905,1.2345994672382967
1906,3.0317818698376255
1907,3.702851662819388
1908,1.875
1909,3.483092640595411
1910,3.6593620082134217
1911,2.9152376038971903
1912,3.759461130964914
1913,3.7871787806085133
1914,3.790102540732182
1916,3.4449881348153224
1917,3.166683403135465
1918,3.154053662235844
1919,3.1928884344259085
1920,2.8305769433046426
1921,3.7664258378699236
1922,3.3968115969696555
1923,3.9081961668747156
1924,2.60166564853222
1925,3.834405737821088
1926,3.119385395531889
1927,4.183768578078763
1928,3.3458211804000673
1929,3.7441634380766775
1930,2.856624169760171
1931,4.01669093312318
1932,3.226752329713603
1933,3.3961373948735174
1934,4.009868304074087
1935,3.9686658223132203
1936,3.822814684889929
1937,3.7182837239266067
1938,3.9013395436878886
1939,4.11010316467008
1940,3.837660883381402
1941,3.79726096250756
1942,4.008059437899156
1943,3.2538619626202308
1944,4.085402942474019
1945,4.244061898243717
1946,3.9656356271299393
1947,4.033058720592934
1948,3.85402253084415
1949,4.238215353983391
1950,4.103234918941151
1951,3.6499138978893386
1952,4.106432483517119
1953,4.090833296970237
1954,3.941135702678811
1955,3.771481466654885
1956,3.975002148369268
1957,3.7933233870963816
1958,3.5941067604520427
1959,3.6246887644753816
1960,3.964692668286358
1961,4.037542035261495
1962,3.8508266186233704
1963,4.023371769980354
1964,3.788643080266093
1965,3.6788705974199005
1966,3.6226993747792564
1967,3.6041019416797355
1968,3.867204065297431
1969,2.261375287244313
1970,2.632315382400757
1971,2.174992323405277
1972,1.9767653322487992
1973,2.09890216408635
1974,3.0321498216339644
1975,2.3441806365286837
1976,1.9115246358579199
1977,2.0977386340868875
1978,1.9820718979255019
1979,2.068869205612169
1980,2.070730557199633
1981,1.7359170664413377
1982,3.674660371389228
1983,2.727615242211999
1984,1.987424584821509
1985,2.3330273740574263
1986,2.066627447558681
1987,2.266105778877185
1988,2.038295474743521
1989,1.3338730651776378
1990,1.544382571569777
1991,2.66595217844939
1992,2.0316915720218134
1993,1.7879105614013309
1994,3.685814422775058
1995,2.395698418372269
1996,1.7639832037416783
1997,3.9194029096383294
1998,1.699277351360025
1999,2.682429507980372
2000,3.8835640883366396
2001,3.5485896907948464
2002,3.247480957613581
2003,3.2475144532593445
2004,2.479869634893485
2005,3.476157193469848
2006,3.5444446230019593
2007,2.6509510558778353
2008,2.5620462888454494
2009,3.526539194614522
2010,4.054027779545401
2011,3.352864853081919
2012,3.2591360620194685
2013,3.4494179385308663
2014,3.112228891066114
2015,3.4636173431107173
2016,2.6635898456748466
2017,2.966684036605894
2018,3.769074138794006
2019,4.5575509247631185
2020,3.9542215182220257
2021,3.3490742808470046
2022,3.5181854968247865
2023,3.3582525219878065
2024,3.3021365915381455
2025,3.3017009837806968
2026,2.6474774533441465
2027,2.4267881244438096
2028,4.327692985522072
2029,3.5321918633493112
2031,2.942515191628346
2032,2.8223491247335444
2033,3.132793426854295
2034,2.748676027798618
2035,3.01225327042049
2036,2.228253578563867
2037,3.3922907035724106
2038,2.85105953126574
2039,0.4977827050997783
2040,2.9557485384238453
2041,2.611839795348007
2042,2.6229910957191196
2043,3.299940791123697
2044,2.4920883506104965
2045,3.439020597213417
2046,3.463095837254256
2047,3.078252977497437
2048,3.467168755766496
2049,3.192149337582162
2050,2.505470611074097
2051,2.5429789881287985
2052,2.8703122024392527
2053,2.254029407178319
2054,2.9226882147030238
2055,2.7835942006010934
2056,3.284789214534379
2057,3.2729276555356623
2058,3.6147538378257154
2059,3.277421693647905
2060,2.914837287444898
2061,3.6380201541979473
2062,3.1760981344141133
2063,2.152960491142515
2064,4.058797529163728
2065,3.593198771794753
2066,4.05365489740969
2067,4.05247731449484
2068,3.847053378788339
2069,3.730040033158449
2070,3.877065672114932
2071,3.9233577578070005
2072,2.859080152649154
2073,3.4572015643467164
2074,3.4238620813548275
2075,3.7268591124115287
2076,3.737001673848242
2077,3.4645320710783674
2078,3.7989574752319206
2079,3.402615705030663
2080,3.7915959984956524
2081,3.7326104956085326
2082,2.8645831030962694
2083,3.5950206929698676
2084,3.0793162283965194
2085,3.5884180652188853
2086,3.4247080781208155
2087,3.6763022334939373
2088,2.594646060637145
2089,3.2098155915189857
2090,3.4396620832370353
2091,2.868900754126399
2092,2.421342625801163
2093,2.8764529527983833
2094,3.0943479651152677
2095,2.966855021529801
2096,3.725270908898473
2097,3.4180005492104812
2098,3.1713675501871514
2099,3.603422599557285
2100,3.4262792999846248
2101,3.330646528644732
2102,3.3622588281033523
2103,2.8894286742488657
2104,3.325261068942696
2105,3.361152365196228
2106,3.3004293283493658
2107,2.5756853388957275
2108,3.6929412764923546
2109,3.708292723835103
2110,3.2472584379799327
2111,3.211277227898661
2112,3.4685838780609286
2113,2.0329674684823296
2114,3.6664428520468726
2115,3.6686395768553552
2116,3.3349427164855787
2117,3.7066973404286006
2118,3.701041499030253
2119,2.240795996111908
2120,2.9437176805463823
2121,2.7469708578892167
2122,2.4234424188893082
2123,2.838805998273927
2124,3.1748115397679952
2125,3.657209615331168
2126,2.7390527823850834
2127,3.497909261249848
2128,3.1753319972342684
2129,3.363892926527804
2130,3.8112221067384366
2131,3.715462672243661
2132,4.0665188406376025
2133,3.2729831361084085
2134,3.4098476269533013
2135,3.1897857840555495
2136,3.1279843936999274
2137,3.800280871887942
2138,3.83168482510392
2139,3.8036610518313876
2140,3.650390153774508
2141,3.425008469860128
2142,2.820058766529521
2143,3.256054030827099
2144,3.6998439931323284
2145,3.346332196954343
2146,3.080807127099939
2147,2.5148761964254156
2148,2.8628197733574785
2149,2.173300260227583
2150,3.7275259707013086
2151,3.1322920063938224
2152,1.9947159232116098
2153,1.9765745144957032
2154,2.7488598067687353
2155,3.3113025795779367
2156,3.679506542192189
2157,3.042464626884369
2158,2.4066836236697564
2159,3.467824524802879
2160,3.7994174705617296
2161,3.5836051196116885
2162,2.392330217890628
2163,2.560798099090158
2164,1.932592256983355
2165,3.3218347478927446
2166,3.519213827018927
2167,3.4732750157635723
2168,3.0469904202992315
2169,2.6606350652504003
2170,2.4544507443756545
2171,3.662165262882457
2172,3.056930198983559
2173,3.5310658741413317
2174,3.5617527868731225
2175,3.731508498094277
2176,3.85820003519584
2177,3.2012688421723854
2178,3.651365395729548
2179,3.034623982986049
2180,3.3370679971085733
2181,3.454842331200957
2182,3.5751864987695736
2183,3.8776047259340958
2184,3.5594508018084743
2185,3.5190525646118527
2186,4.279752510008225
2187,3.48644796773771
2188,2.7464554515229627
2189,3.4442647164208675
2190,2.9371971963782286
2191,2.6630531354784615
2192,3.1755885775365784
2193,3.491689793661446
2194,4.000679546503827
2195,2.894614784615636
2196,2.403798326981638
2197,4.038383402157444
2198,3.3365957329548976
2200,2.3432188073161804
2201,3.422648715559707
2202,3.9499579030899543
2203,4.218982544439249
2204,3.729964668422435
2205,3.490995368463163
2206,3.971433721990736
2207,2.7825800273973327
2208,4.141184077816707
2209,3.3674716613551845
2210,3.6205388382839034
2211,3.5909222553562667
2212,3.783598644330175
2213,0.4885386819484241
2214,2.678756476683938
2215,3.2295388829398752
2217,0.4885386819484241
2218,1.841121495327103
2219,3.3070060993871446
2221,3.3652718436714593
2223,3.192793973514738
2226,2.64
2227,3.5351495000633
2231,3.6008125327135607
2232,3.4061893403099974
2233,1.5748509955748178
2234,1.9997159920643655
2235,1.25
2236,3.5239382915385478
2237,3.547371325976882
2238,3.7827068897560343
2239,3.711986224599941
2240,3.473558206703351
2241,2.7601074292791195
2242,2.434464592904353
2243,3.7340232471019625
2244,1.7821888624920477
2245,3.3933990192397694
2246,2.701813537134452
2247,3.0799397961990396
2248,3.996812404182452
2249,3.125720755033588
2250,3.110088981338179
2251,3.355761468192531
2252,2.997958777051863
2253,2.531930655876406
2254,1.3012987012987014
2255,2.6090480521884216
2256,2.295793378093545
2257,2.858432204298413
2258,3.5854922279792745
2259,2.674659019063951
2260,2.769488530924748
2261,3.321763315877558
2262,3.140631302808317
2263,3.065429556501291
2264,2.5474040833423093
2265,1.9253379985712367
2266,2.845258531100647
2267,2.965581111514008
2268,3.9143425367083835
2269,2.719509489488807
2271,3.219206193861794
2272,3.462644916897192
2273,3.5918223747672746
2275,3.2864119800377223
2276,3.6936496765986786
2277,1.25
2278,3.544441662544041
2279,2.6857415987817315
2280,3.3285861476939647
2281,3.410929663287458
2282,3.460951545141299
2283,2.8994048502753014
2284,3.752195320335318
2285,3.730290944389608
2286,2.4971187994226374
2287,3.4707180961055744
2288,3.7808584915729333
2289,3.9425835348562805
2290,3.2676495093013553
2291,3.5985605929913143
2292,2.4406161793581846
2293,3.1082750119916955
2294,3.5017459660104
2295,3.673521033846275
2296,2.3530104382140524
2297,3.089389553901593
2298,1.7426046294769433
2299,3.580789942501251
2300,4.143233790302569
2301,3.5738041809039482
2302,3.762157301400983
2303,3.884623678713252
2304,3.396503749696725
2305,3.3492506136128077
2306,2.4401373635528767
2307,2.5109197601210336
2308,1.5348837209302324
2309,4.191615142174419
2310,3.713642450019101
2311,3.427262497871174
2312,3.8073256786365928
2313,4.00195445213237
2314,3.1192787557199146
2315,2.277950738469094
2316,2.9656880448084237
2317,2.6607766834062514
2318,3.8498866289674583
2320,3.070629413579996
2321,3.686146346087635
2322,2.9237306039077504
2323,3.864805032399406
2324,4.291964920012045
2325,3.0303289374047773
2326,2.726148818831334
2327,2.808815315217082
2328,2.7788099634569563
2329,4.190596828542587
2330,4.142961002273842
2331,3.193611447921625
2332,3.16316582258947
2333,3.7835277235790983
2334,3.157371720369311
2335,2.895902541409978
2336,4.013027402223332
2337,3.1168307310390158
2338,2.1999377451712774
2339,2.863919904041139
2340,3.249138958436671
2341,3.162178288259706
2342,3.5762239714508506
2343,1.8229508196721311
2344,3.425101191924002
2345,3.272096329599357
2346,3.3006222484247933
2347,3.7365740242406904
2348,3.527064751233648
2349,3.600746538914496
2350,2.714318084969552
2351,4.207324174604819
2352,3.8694036330612978
2353,3.69141758747268
2354,2.780343235084716
2355,3.8488967394356894
2356,2.8123776637960414
2357,4.257656240286023
2358,4.1289645975961875
2359,3.864222816005838
2360,4.273727465639215
2361,3.216944582717013
2362,2.6256598986624993
2363,3.3477173085091314
2364,2.788579433080357
2365,2.7955895459371085
2366,3.682516307782959
2367,2.779806011938671
2368,1.6481801211267575
2369,2.9715385265849714
2370,3.4689447057841947
2371,3.5873174414026594
2372,2.9581233782648946
2373,2.457739652778994
2374,2.9115926081584953
2375,2.8785767548487673
2376,3.2988250160061203
2377,2.9299245992082765
2378,2.9772467413937234
2379,2.3208305731890113
2380,2.059856236372286
2381,1.8922789249554615
2382,1.7091073959004015
2383,1.6327439855099226
2384,3.275594676853041
2385,2.5605357369584203
2386,1.9574239118186603
2387,2.7357144538580824
2388,3.25600683164908
2389,2.6134847738714857
2390,3.645941631658711
2391,3.7447542434078884
2392,2.1759195835558702
2393,3.335618310737539
2394,3.5324811986179685
2395,3.826551772089439
2396,4.117475809857701
2397,3.2905019744613377
2398,3.936818541050451
2399,2.6346721668649424
2400,2.8284593111991594
2401,3.7747157456093947
2402,2.866573161937657
2403,3.5878344997916716
2404,2.3532569431190753
2405,3.181076637844476
2406,3.6940764959009273
2407,3.5500813065532437
2408,2.519673492869276
2409,3.1877255453394406
2410,2.8700130674049658
2411,2.6136913418231833
2412,2.076020603012779
2413,3.2077881977022518
2414,3.3709273692251362
2415,2.815612319677254
2416,3.10197455337515
2417,2.9163742538465116
2418,3.0389589159668335
2419,3.1660494712489364
2420,3.401453078804288
2421,2.674358013595773
2422,2.106570397410079
2423,3.5923943900899986
2424,3.332011349396794
2425,3.5525104613666096
2426,2.9411190789152335
2427,3.38715158086517
2428,2.768418243741725
2429,2.837476878229803
2430,3.110325283577851
2431,3.1019827325014724
2432,3.0984125063562424
2433,3.334852613833928
2434,3.5877342683488878
2435,3.0121280415479674
2436,3.5295270734248487
2437,3.608771566168651
2438,2.763636363636364
2439,3.552036560163193
2440,3.2653276922786953
2441,3.02988192524289
2442,3.795511015869233
2443,3.5842484118729496
2444,3.0771361871082603
2445,2.793788098643966
2446,2.5127002560426934
2447,3.0096693826607694
2448,2.34369549703361
2449,1.3816265414560391
2450,2.081497241854815
2451,2.625147541005021
2452,1.633590176788576
2453,3.219165421293594
2454,3.3292844026485557
2455,3.4461828885101626
2456,2.2656883475784495
2457,3.385485261169002
2458,2.4618438158158527
2459,3.215449834710105
2460,2.2900233863621495
2461,1.9865726608594525
2462,1.734985680208297
2463,3.4538205740033
2464,2.377732640426671
2465,1.9584519409479575
2466,3.4179704315961636
2467,3.8715115952616133
2468,2.750186176280075
2469,3.262154178683902
2470,3.4306034003562225
2471,2.614324402999995
2472,2.9337049553315855
2473,2.373368668343666
2474,3.437287900005314
2475,3.2976043525492194
2476,3.3599158663445716
2477,2.2072244086981625
2478,3.1397084998567797
2479,2.2627200669024887
2481,3.5206933210893885
2482,3.2431001661987433
2483,2.8213713135145704
2484,1.25
2485,3.0458690461600577
2486,1.829049627953597
2487,2.239313053203483
2488,3.8930995504600756
2490,3.5141065672805825
2491,2.6459371198356245
2492,2.8670057933681123
2493,4.010248783846783
2494,3.890130827383104
2495,3.614694057899391
2496,3.332577817220836
2497,2.7894611719570266
2498,2.336015018625789
2499,3.512491432123576
2500,2.5402107595043635
2501,4.10709979699152
2502,3.818244205296632
2503,4.487495690437196
2504,2.87950436606666
2505,2.8280841383774185
2506,3.294514948764735
2507,2.946532023104105
2509,2.726782990967737
2510,3.381392675120418
2511,3.806897046419381
2512,3.8793190265312787
2513,2.9378498456767446
2514,1.9603440948510291
2515,1.6689105701651872
2516,1.683393477654785
2517,3.041625179081074
2518,3.4399685681141032
2519,3.2504318659044795
2520,3.1559148011576017
2521,2.612848414668361
2522,2.2585565186874037
2523,2.312713846307018
2524,3.0061538203998106
2525,2.2488038631955654
2526,2.343566412160906
2527,3.4561564411937655
2528,3.4927022893701904
2529,3.733888733274362
2530,2.9621167874161523
2531,2.8181931360686
2532,2.866600481799127
2533,3.0485160584777935
2534,2.3686799565658774
2535,2.837858102244456
2536,1.7895179691554002
2537,1.8956257798668907
2538,3.6719248463980394
2539,3.366285661901544
2540,3.0379119745597825
2541,3.194716701494843
2542,3.879679355441588
2543,2.9634654027871927
2544,2.6104449561056424
2545,2.722125547756645
2546,2.846575074753795
2548,2.223619384609229
2549,2.22890225070659
2550,3.5334414499709994
2551,3.2803158142555957
2552,2.172704741009911
2553,3.35794105651977
2554,3.200043032921307
2555,1.671319265831825
2556,2.605450236966824
2557,3.0648595115754933
2558,2.7106919290224516
2559,2.534214788360516
2560,3.088282951728641
2561,2.9880172207090845
2562,3.5166570218945394
2563,2.838951310861423
2565,3.9437245380812516
2566,2.390068274562011
2567,3.1840336715080886
2568,2.0496042607625107
2569,3.712451624089569
2570,3.5900650369372573
2571,4.30183236897444
2572,3.408862942548773
2573,3.355863185810676
2574,2.5945667413786224
2575,3.9576447155719507
2576,1.192861822890551
2577,3.1283923337298
2578,3.1796105639249914
2579,3.7375238841289415
2580,3.8254338697673003
2581,3.1650155839124317
2582,3.077438228867147
2583,3.556631352166332
2584,1.875
2585,3.8092224500610237
2586,2.8913605669604063
2587,2.981927581741015
2589,2.6836366730615593
2590,3.00371404469477
2591,0.320754716981132
2592,2.29811320754717
2593,3.7423051358135586
2594,3.891084711779213
2596,3.624532562607366
2597,2.5321253074292116
2598,3.03066022264002
2599,3.9055599776968606
2600,3.2412679362831636
2602,2.6826624761578834
2605,3.1491844823707718
2606,2.7222943653790623
2607,3.8858028165062857
2608,2.3940573856520806
2609,4.136300256155009
2610,3.807328921770308
2611,3.8445866237264
2612,4.058995152224675
2613,3.128512752307871
2614,1.9063477146222685
2615,2.973359987767254
2616,2.7129183511122643
2617,3.3434780280097263
2618,3.778756989225553
2619,1.9894736842105265
2620,3.589188015541734
2621,3.591690251854283
2622,3.312175704431154
2623,2.948934688049631
2624,3.864718558289603
2625,2.990781150545678
2626,3.4421193899498173
2627,3.38368218741669
2628,3.428984585339975
2629,2.70259339295644
2630,3.4240916500028087
2631,2.0355815514534052
2632,2.6957211156820855
2633,3.5582970025329193
2634,3.199253780496084
2635,2.995603164425279
2636,2.415891882183165
2637,2.6577037101225223
2638,2.7791424955481
2639,3.1458042666088075
2640,3.549266027313368
2641,3.1868838295734143
2642,2.3376406085446924
2643,1.8785430793666813
2644,3.8688761866681043
2645,3.4222975151605537
2646,2.85851250471271
2647,3.1784089986122894
2648,3.9979108856228343
2649,3.253715100189489
2650,2.7597850334888774
2651,3.131269068607673
2652,2.9410016235994436
2653,2.7727627334766543
2654,3.7293297495503395
2655,1.6583430139791617
2656,2.70291444545184
2657,3.296429034882117
2658,3.110047862373567
2659,3.101437309335319
2660,3.8311497355443898
2661,3.3284698648442346
2662,3.857785245834617
2663,3.0822163009027057
2664,3.924688335345473
2665,3.317383007959046
2666,3.0785901572401797
2667,2.576770835930839
2668,2.5383557277188418
2669,3.672895452023726
2670,3.9504632734050706
2671,3.6286186965745957
2672,3.1851645146773064
2673,3.746129390224379
2674,2.647077937294606
2675,3.3687826947520305
2676,3.0958883748563215
2677,4.014710839592604
2678,3.1122577060245944
2679,2.3883196540591562
2681,3.5619324406734676
2682,4.032764941568733
2683,3.3852291361267612
2685,3.1268831493437688
2686,3.9627850510269362
2687,3.6361533349442055
2688,3.0917578004457513
2689,3.3658858533755023
2690,3.6375712575014876
2691,2.8678897260868585
2692,4.208561328943263
2693,3.803705172150979
2694,3.107286122359538
2695,1.7371626130262536
2696,3.7183816816048494
2697,3.653819890692301
2699,3.0138574022602445
2700,3.747716419776666
2701,2.157899216848455
2702,3.0908089349793904
2703,2.862244897959184
2704,2.8773799473403137
2705,2.557615356317179
2706,3.672332199800382
2707,3.4756027446916486
2708,3.8368441261340314
2709,3.174150847632611
2710,3.0447603762539828
2711,3.4718160517958294
2712,3.1839734381766833
2713,2.5065311890878132
2714,3.1230331814451238
2715,2.0965517408495105
2716,3.9062774581609974
2717,2.8848395171790484
2718,3.120810506138381
2719,2.3716884248914325
2720,2.1524335935492562
2721,3.5743853621584525
2722,2.8616574027913253
2723,2.991433654684705
2724,3.068491265899924
2725,3.6728441294685945
2726,4.139725244992547
2727,3.365373414078628
2728,4.008197260358829
2729,3.84671750779806
2730,3.5396592027389304
2731,4.292874044745937
2732,3.9438798472459995
2733,2.3560070952912513
2734,3.3447924866398773
2735,2.884039419831878
2736,3.423234371098797
2737,2.802476701429105
2738,3.3475889283752105
2739,3.8230481012376165
2740,2.4034090393352625
2741,3.049370893246395
2742,1.25
2743,3.283773210130257
2744,3.5429127433217933
2745,3.8843947212596617
2746,3.322743631865222
2747,3.330577208321712
2748,2.0216388420774933
2749,3.1726617641196557
2750,3.6595736161919645
2751,2.7676705095021634
2752,2.93347354075408
2753,3.422256264255695
2754,1.7094994872000968
2755,2.6546428845798764
2756,3.189647608007022
2757,3.785403691682488
2758,2.7113490297582636
2759,3.360675199147337
2760,3.3226934657129217
2761,4.033458392977449
2762,4.377820630512927
2763,3.646645912056876
2764,3.5813814384852036
2765,2.410722929967067
2766,3.4624767739723583
2767,2.994929984569107
2768,3.065156994498033
2769,3.151967675851597
2770,3.261650781361518
2771,2.879209179570585
2772,2.989934246506161
2773,2.9632946359544596
2774,3.4756790707696976
2775,3.098685775874585
2776,3.975760418381598
2777,2.1217994704088996
2778,2.462828218378018
2779,3.588255130235484
2780,3.1209806242689258
2781,3.108255271095379
2782,3.458707944270985
2783,2.51512210320701
2784,3.169971464842344
2785,3.044693209660338
2786,2.398441791398936
2787,2.8362664728948204
2788,4.104867710095677
2789,2.917597144306902
2790,2.5753123720354987
2791,3.9515133898403674
2792,2.967582994984597
2793,2.734379913691621
2794,2.9017340614454157
2795,3.8175084032098536
2796,2.941411813687128
2797,3.8495229707644367
2798,1.8768262648976723
2799,1.514874906301913
2800,2.965714127755822
2801,3.463156831559256
2802,3.0549569318671224
2803,3.2691189732202974
2804,4.210487571098339
2805,2.8650950389030685
2806,2.614990980729961
2807,1.7761615078834798
2808,2.4970140443489584
2809,2.363371365256526
2810,3.7870242308545317
2811,3.824657534246575
2812,3.1875815355536883
2813,3.545366610134571
2814,2.4551632437659165
2815,2.585252025312188
2816,1.8442437219672034
2817,1.5974986185474798
2818,1.5610614774235534
2819,4.0145606218523024
2820,3.6103686531655566
2821,2.4706523454195914
2822,3.0082262420224177
2823,2.6844628776969195
2824,3.83322575782566
2825,2.470310752907209
2826,3.1732443259320617
2827,2.419077470214607
2828,2.1587673084055
2829,2.9261406449998026
2830,3.363983280732929
2831,3.1895711237196656
2833,3.5323001973876527
2834,3.469724261047858
2835,2.4994843326278278
2836,3.269269919820584
2837,3.1977028873158653
2839,4.0979433338763585
2840,2.888092271124416
2841,3.6015685461809412
2842,3.433272548249858
2843,3.6692984362124332
2844,3.1189649741088883
2845,0.9195402298850576
2846,3.316185431245167
2847,3.8690164192761203
2848,3.837211212507632
2849,2.7968643982336836
2850,2.5531825074222576
2851,2.3824344765671217
2852,3.7259615495069114
2853,2.4798950264970006
2854,2.4171981353615695
2855,2.220876809441505
2856,2.7088589333308413
2857,3.709654788600984
2858,4.298818284409245
2859,4.195238200229201
2860,3.2333268366252823
2861,3.1687848393684495
2862,2.5406843702570985
2863,3.8816816384175294
2864,2.6747073517745545
2865,2.9640528453100417
2866,3.697144038883933
2867,3.39337045307742
2868,2.2527458296341463
2869,2.6842622649294556
2870,3.562687484295311
2871,3.927236447130777
2872,3.794964729103088
2873,2.641934836221092
2874,3.5026136887303947
2875,3.2464729620077395
2876,2.583242253161439
2877,3.0159207644794535
2878,2.1831951669217857
2879,3.4495484545243222
2880,3.449429844242146
2881,3.180600773931658
2882,2.711124363862612
2883,3.541683074352154
2884,2.4908917272419626
2885,3.322005837207576
2886,2.378760852477192
2887,1.2784577651548297
2888,2.6869890723665946
2889,3.4036285797556767
2890,3.806821876038159
2891,3.4059741452298784
2892,2.413175024925672
2893,2.7168934933368285
2894,2.3450656395374145
2895,2.6941747572815538
2896,3.3599192865391956
2897,3.2384391473601606
2898,2.689896584708174
2899,3.562559114329173
2900,2.6479388186935062
2901,3.210203224211241
2902,2.3772496768726623
2903,1.9930125189215173
2904,3.972580817149894
2905,4.4301939821790555
2906,2.284274380251515
2907,2.36879701133663
2908,4.000382367315317
2909,3.583333333333333
2911,3.256835484304301
2912,3.685713010446899
2913,3.0942347200148905
2914,2.181817250745261
2915,3.6328632580379874
2916,3.6726193459337435
2917,4.000826996793856
2918,4.093238185615376
2919,3.8721415990319454
2920,4.106679881130373
2921,3.8667409918980895
2922,3.7306513655181055
2923,3.2661942535323893
2924,3.8577165753552585
2925,4.194287758788018
2926,3.3604160621552532
2927,4.070588386256942
2928,3.251510353515387
2929,3.480554670863102
2930,4.1901889862979305
2931,4.075827824511854
2932,3.9235136243392303
2933,3.1822338810725244
2934,2.531876838382986
2935,4.159065002892951
2936,4.053485377980888
2937,4.252482580740037
2938,3.620339038377974
2939,3.505064172004102
2940,3.9816575140135435
2941,3.5764260478104695
2942,3.065487952679697
2943,3.752164513407602
2944,4.005799884777538
2945,2.6566532418164543
2946,3.7621728598827002
2947,3.972711296466234
2948,3.904948306045427
2949,3.87756587975664
2950,2.3145159009618923
2951,3.9964024153955364
2952,3.7432777385325857
2953,2.397848723561526
2955,1.8053000216701538
2956,3.1394708934648365
2959,4.049924969027192
2960,2.5434759050802005
2961,2.7678907209212795
2962,3.225864561325194
2963,3.6561851755787766
2964,2.9425334976576893
2965,2.015064205317472
2966,4.031062438591599
2967,3.750582048478507
2968,3.697081230616655
2969,3.9082441594272863
2970,3.9495717990924852
2971,3.80665109434158
2972,3.963716160684639
2973,4.05057693837203
2974,1.818132959762033
2975,3.0349990305707584
2976,3.03900187880339
2977,2.745372885268919
2978,2.8149147847350893
2979,1.9862226120964326
2981,3.7535401102339807
2982,2.06916768675283
2983,4.001462972151476
2984,3.3801333157453564
2985,3.467684020242215
2986,2.3856708093526167
2987,3.6708750862532247
2988,3.619551118564093
2989,3.5234410507873544
2990,3.2407038641077994
2991,3.594808385439145
2992,2.4083018545751527
2993,3.702773604454382
2994,3.4945699920781257
2995,2.306660410632654
2996,3.3996976538814976
2997,4.104451721221203
2998,3.5219123953617353
2999,3.872051518592454
3000,4.1102577530802495
3001,1.5062800656780295
3002,3.7747170999377557
3003,3.026744389985937
3004,2.449524063526297
3005,3.3351607038883433
3006,4.029587203596757
3007,4.006729660367034
3008,3.6842537311349832
3010,3.4436341804611477
3011,3.595055113753234
3012,3.3568045410401526
3013,2.8158118293693963
3014,2.9320497031676114
3015,3.351976113188249
3016,3.154625650193214
3017,2.4439225611092197
3018,3.462912282724151
3019,3.8964639079529393
3020,3.4585755385105688
3021,2.705990833290127
3022,4.358169057695816
3024,2.351411125798152
3025,3.1811238064024123
3026,1.4470817850610371
3027,1.1030063723342869
3028,3.735697747264903
3029,3.2708042029105333
3030,4.35529238285549
3031,2.142867884034624
3032,3.5046864488968428
3033,3.2723100821131728
3034,3.7220442612515723
3035,4.134593783083669
3036,3.1987542878919797
3037,4.035138583620472
3038,4.169195825449531
3039,3.807377250972681
3040,3.278770783232068
3041,1.689785995869398
3042,1.4826190971474247
3043,1.6586076921819481
3044,3.831763168742669
3045,3.0696498312230194
3046,3.377830514445717
3047,3.4087006604094894
3048,2.3463530776051558
3049,3.2611446509869184
3050,3.1610204061417546
3051,2.934405471621179
3052,3.6903759007406465
3053,2.9904741606601
3054,1.9729583890896683
3055,3.3220135695177806
3056,3.469636345059696
3057,3.7894736842105265
3058,2.1111803247679286
3060,3.7878620520521658
3061,3.8472035688652
3062,3.9642225017240267
3063,2.6717458947600243
3064,2.4564355481859463
3065,3.0486486486486486
3066,3.6870374978302554
3067,3.8681403721519136
3068,3.861863015307247
3069,3.773371125142943
3070,3.381715277949917
3071,3.747544870417901
3072,3.7797626664462056
3073,3.0378876426275836
3074,3.7958122595377533
3075,3.973538595055137
3076,3.7182098389273213
3077,4.269897446489892
3078,3.5828197705084466
3079,3.789925323979163
3081,3.5019916442285632
3082,3.3931772611396047
3083,4.060406732307809
3084,2.862814021511746
3085,2.058623691246125
3086,3.5213421334554287
3087,3.4565366838073373
3088,4.055047541025788
3089,4.345026361714196
3090,4.076608087020794
3091,4.244732598615961
3092,3.9734061569429966
3093,3.690788693615256
3094,3.8056871093226436
3095,4.123132937539361
3096,3.9783272579561935
3097,4.00542246340424
3098,3.8248834640668004
3099,3.2572339950493885
3100,3.7567247662729977
3101,3.6432824022547665
3102,3.6479401323819376
3103,3.002081785774981
3104,3.8373239156643684
3105,3.7599069041927184
3106,3.1812841070853484
3107,3.446309715420536
3108,3.6199114521240325
3109,3.1948785286335846
3110,3.4184757632501315
3111,3.686087001889351
3112,3.349494312016685
3113,2.646921941366235
3114,4.200695919609063
3115,3.1329837295074485
3116,2.595668605776135
3117,3.191135428157444
3118,3.459004296510591
3119,1.70952916357368
3120,2.988523663206071
3121,3.1943663471618273
3122,3.261161501979463
3123,0.6727688787185355
3124,3.171861859124446
3125,3.462404632077909
3126,3.6646706586826348
3127,3.1783678196378977
3128,3.4646172358783156
3129,3.6077493793968776
3130,2.3525439515888045
3131,3.3409631809153266
3132,3.583587422812393
3133,3.6613251915522427
3134,4.308433508184852
3135,3.9321732829862146
3136,2.632836495385558
3137,3.62467577764835
3138,3.0538518459592012
3139,3.1889191678807975
3140,3.155883555598654
3141,3.013877763226971
3142,3.403859326232866
3143,3.704211611320561
3144,3.2348557553198876
3145,3.2788883655227474
3146,2.7759730089510035
3147,4.139918687273104
3148,3.925272978858529
3149,2.088112071137101
3150,3.5781943669034297
3151,1.8276397515527951
3152,3.9597357624239526
3153,3.6335483062600145
3154,3.4462311920260666
3155,3.4000147907776057
3156,2.869022067316031
3157,3.1131059696936028
3158,3.546024873358786
3159,3.7345208375803667
3160,3.8882460234195895
3161,3.360572899832378
3162,2.456074975334086
3163,3.689215363216647
3164,3.3197278911564623
3165,2.6638248156141047
3166,1.130623406298848
3167,3.599962217992291
3168,3.7602922419279743
3169,3.4898294734045994
3171,3.847928358180348
3173,3.0798357618517107
3174,3.4900652834324153
3175,3.76502286527103
3176,3.4866471453639356
3177,2.560223171412775
3178,3.8141253390780383
3179,3.3275605702602826
3180,2.215890620531804
3181,3.657502693283123
3182,3.9214919546830957
3183,3.6534714053990975
3184,2.8336798060227326
3185,3.3676055454416307
3186,3.429859576169175
3187,2.7489841196205225
3188,3.5611260711937023
3189,3.599754523160996
3190,2.07913281362562
3192,3.8675687066905104
3194,3.284488515519538
3196,4.196704274891481
3197,3.310043653441709
3198,4.06452637839398
3199,3.311134142389747
3200,3.8179717697495104
3201,3.9468205984305857
3202,0.4885386819484241
3203,3.666685386383027
3204,3.6635712558396625
3205,2.05937343306944
3206,3.1964806092520246
3207,3.03117142413519
3208,2.750220853674467
3210,3.8197987186675375
3211,3.457298247262269
3212,2.1534951678343304
3213,3.5913602951238
3214,3.2662401205949942
3215,3.165613462994127
3216,3.2465378925242994
3217,3.309196932292304
3218,3.14455712612013
3219,3.229327782446363
3220,1.25
3221,3.2820285069468937
3222,4.118829393479486
3223,3.35483950294365
3224,4.012026340399709
3225,2.5086965248144195
3228,0.8381877022653722
3229,3.5716753022452505
3230,3.6396165805434384
3232,3.947851868237563
3233,4.405405405405405
3235,2.941100656184305
3236,2.8859894613872545
3237,0.5954738330975955
3238,2.1235876666168547
3239,2.441522811078045
3240,3.261926142470766
3241,3.595206795247288
3242,3.484567610710051
3243,2.4980808727238037
3244,3.657334318293595
3245,4.478054555556892
3246,3.9024604102366585
3247,3.148871689179683
3248,2.481814828061674
3249,3.1305992703425694
3250,3.3719911935196403
3251,3.3565834464416238
3252,3.6739069260163606
3253,3.593166720200133
3254,2.8862093572238656
3255,3.6646326961545017
3256,3.7466760342608865
3257,2.8559624512623176
3258,2.756316278562878
3259,3.31362202077782
3260,3.725131066583562
3261,3.4768564094308534
3262,2.9267865491303136
3263,3.165760226824291
3264,3.1062681176043387
3265,4.119696295266951
3266,3.599585928799947
3267,3.669544085651338
3268,1.7444681609759543
3269,3.1549437276383436
3270,3.2562961511627524
3271,3.81658153831794
3272,3.148326068081183
3273,2.7110710306067105
3274,3.128031474067083
3275,3.6077125957312535
3276,2.5768807845243646
3277,3.6495468277945617
3281,4.009481239816001
3282,3.587492888081239
3283,3.273718839246076
3284,3.628652028223658
3285,2.7323337182449494
3286,2.1781271316328845
3287,2.6891709279786955
3288,2.899485930107889
3289,3.7220663357502435
3290,2.1578947368421053
3291,1.731369150779896
3292,3.4433044861306357
3293,3.125665010174324
3294,0.625
3295,3.04626201380378
3296,3.769097064754259
3297,1.0422535211267605
3298,3.4593578999819
3299,2.3068517152717765
3300,3.250964785445768
3301,3.344844364582874
3302,3.3855174841366917
3303,3.2082851669458576
3304,3.5694016000839572
3305,3.791710945802338
3306,3.8947982981954525
3307,4.327296355555963
3308,3.177934144608291
3309,3.6782320975170983
3310,3.7772310671052582
3311,3.779274700668364
3312,0.625
3313,2.14522194076178
3314,2.905630408585039
3315,1.849493487698987
3316,2.7138295028713513
3317,3.898974331659676
3318,3.4033614538460775
3319,3.026607604162292
3320,3.4314821513121445
3321,1.25
3322,1.923660560077085
3323,1.1578947368421053
3324,2.7340521005427836
3325,2.2828031147143837
3326,2.8019969895061227
3327,3.365527224654124
3328,3.860796628822812
3329,3.659964286254876
3330,3.738516936538358
3331,2.1894319316926847
3333,3.536452251502448
3334,4.048585433845324
3335,2.3727073563313876
3336,2.535816618911175
3337,3.242960572495466
3338,4.374865761945344
3339,3.62535451490186
3340,2.8632933425119074
3341,4.002097163278943
3342,3.8504117149481125
3343,2.315430069328376
3344,2.5428780557631043
3345,2.9234337060173496
3346,2.5916537490437612
3347,3.9415933316638387
3349,3.3194170898908153
3350,3.954284629192412
3351,3.0695556963490267
3352,2.46633553462698
3353,3.7108433734939754
3354,2.5726355330179267
3355,2.8367387945347464
3357,3.754926255658946
3358,3.66927553009489
3359,4.0634163322319194
3360,3.9107996078493663
3361,3.833509689907622
3362,3.9472040709739353
3363,4.016931718888299
3364,3.9271330651139125
3365,4.119680319506801
3366,3.8090221852841557
3367,3.279150583009824
3368,3.7283506719694928
3370,3.3641745340051443
3371,3.6382568422593593
3372,3.456305835313028
3373,2.527536721595477
3374,2.5089502978574934
3375,3.2599864174952744
3376,0.4885386819484241
3377,3.172039062618105
3378,2.9227838999143785
3379,3.9236404484102048
3380,2.8744196462841867
3381,2.741284403669725
3382,1.9298245614035088
3384,3.8044434767334296
3385,2.551453834102793
3386,3.755978875957884
3387,2.698108425442897
3388,2.7018636446044066
3389,2.716012763717041
3390,1.6418331489469828
3391,2.2450566958317633
3392,1.932558984583088
3393,2.119900423079425
3394,2.6693649492630422
3395,2.7481373735584396
3396,3.8323277626522483
3397,3.7091669892402352
3398,3.497115896436638
3399,3.0967684661925876
3400,2.4914623056117127
3401,2.0784027773865916
3402,3.193745998137744
3403,2.646472835087514
3404,3.500982825070003
3405,3.873908196341296
3406,3.6682511174408634
3407,1.2185900718612221
3408,3.8225552613189575
3409,3.2192441939659786
3410,4.127768766403814
3412,3.3698987099074036
3413,3.1071971138242818
3414,3.1593564105609717
3415,3.537443186088856
3416,3.9735699541279166
3417,3.5704197094571617
3418,3.689476090756718
3419,3.22407696674069
3420,3.654835111923103
3421,4.031154635921551
3422,3.372913846847497
3423,2.8772650383479697
3424,3.8639830702878735
3425,3.291795518209259
3426,3.2016781880097973
3427,3.3086678547510635
3428,2.886859194138664
3429,4.285961019402407
3430,3.349706830156794
3431,2.6705412722755955
3432,2.204681234077183
3433,2.123391416556308
3434,2.286733952484484
3435,4.379336875442695
3436,2.6904469885734854
3437,1.7817695758378231
3438,2.672157375195399
3439,2.1297257650109267
3440,1.9320675121291493
3441,3.273610004088232
3442,2.2832482249183736
3443,3.746829872191712
3444,3.19810689553399
3445,3.1801113911144294
3446,3.3627302624595776
3447,3.7615069662473464
3448,3.717626383159931
3449,2.8957455795299416
3450,3.421049777247648
3451,3.9030159925430157
3452,3.07508843162821
3453,2.419070469291979
3454,2.6606275670407475
3456,3.8727208832169553
3457,2.9692562446360586
3458,2.786496350364964
3459,2.6898338957563794
3460,0.8271798900235664
3461,3.672954102374741
3462,4.253751261508694
3463,1.6308592993504454
3464,2.3344905749731835
3465,2.679462702902378
3466,3.5395990952910936
3467,4.0230755619771665
3468,4.22047982270522
3469,4.255903886103159
3470,4.201173116791335
3471,4.011910204795912
3472,1.7818770176227003
3473,3.1687930469620693
3474,3.0470439748633877
3475,3.9428266922824298
3476,3.573400381267055
3477,3.0118042335923456
3478,3.2911036859443543
3479,3.6321931564343886
3480,3.5778100980465193
3481,3.9214408458050816
3482,2.7832308419345915
3483,3.011196628826644
3484,2.618279987897161
3485,1.3500748516215644
3486,2.992337651242233
3487,3.7372151431659693
3488,1.964553026824174
3489,3.0027722192850734
3490,2.492723624835953
3491,2.88021527715259
3492,3.7004680129175265
3493,0.625
3494,3.732310581365218
3495,3.5580885883215574
3496,3.140273691451603
3497,3.0547340286210045
3498,3.9885561869440322
3499,3.811989052808469
3500,2.6995064359282934
3501,3.520156753223074
3502,3.470652137281953
3503,3.3915319284229177
3504,4.016128759316822
3505,3.8781275558112003
3506,3.329285767866694
3507,4.008909208273977
3508,4.078661400657032
3509,2.835560304885325
3510,3.7376567125180475
3511,2.4548562657271176
3512,3.628825603035218
3513,3.292918574164692
3514,3.0831059158704845
3515,3.1836476233499624
3516,3.694713853496378
3517,4.038688959467535
3518,2.76224346347994
3519,3.340594060085955
3520,2.5711330502406433
3521,3.9042845800274093
3522,3.7037661672081326
3523,2.915181650525446
3524,3.420706596243949
3525,3.1369181538674953
3526,3.7641176705773827
3527,3.6634871668857785
3528,3.1511635439447874
3529,3.4861353038047165
3530,3.707317073170732
3531,2.862666885572067
3532,3.7850719727882165
3533,3.1387866011327
3534,3.026453533188192
3535,3.2317596387353293
3536,3.717891837239832
3537,3.2274587784108473
3538,3.595603150707827
3539,3.7679577124032377
3540,2.85423246723354
3542,2.458144937899879
3543,3.916346074521343
3544,2.824129978147032
3545,3.8842951457635753
3546,3.729154237405334
3547,3.8173118087580336
3548,3.777887818140996
3549,3.7637865293501274
3550,3.4209189684475425
3551,3.9276201468079943
3552,3.8241762075175014
3553,2.636188032507165
3554,3.3990721600570426
3555,3.505918760734821
3556,3.590428762058457
3557,2.853257146457441
3559,3.68655872290404
3562,2.847196796408952
3563,1.899611530932833
3564,1.7252841819841294
3565,3.1822616344465757
3566,3.378269277623811
3567,3.3401161311033207
3568,3.244053772649154
3569,3.231083984227213
3570,3.5955104512127343
3571,3.317677361213178
3572,1.6606018970685312
3573,1.4026692278936885
3574,0.925224354851319
3575,3.3043501136093947
3576,3.666351120747653
3577,2.6235445104425126
3578,4.085560198997288
3579,2.371411586934289
3580,3.06153212749699
3581,2.638763255148644
3584,2.7053192784481808
3585,3.796305989945256
3586,3.260663287657769
3587,3.0276491147580966
3588,3.280993412914918
3590,2.811023737136075
3591,3.3939566465432396
3592,2.4164873614125675
3593,1.5829047932598774
3594,3.214481043313199
3595,1.8642533936651584
3596,2.4630241742851258
3597,2.664832672402324
3598,3.3960829644172508
3599,3.5829733129710575
3600,2.775601454383875
3601,3.745222929936306
3602,2.9593399196980963
3603,3.1352920504642126
3604,3.6352873200943123
3605,2.982400499315015
3606,3.8797559214916535
3607,4.2073170731707314
3608,3.4063806954620413
3609,4.2622633373132635
3610,2.468595023496962
3611,3.095954899813179
3612,3.513997259687125
3613,3.641974878017277
3614,3.201592269600705
3615,3.1745481881616238
3616,2.483413502399643
3617,3.189011763804071
3618,3.3535900038831343
3619,3.168220895306813
3620,2.9288212004502907
3621,1.5127826941986233
3622,3.7857870307261545
3623,3.171498616814925
3624,3.624619381023224
3625,3.7095919903361865
3626,2.327094019227316
3627,3.4365662670636583
3628,3.4220790102038667
3629,4.194289264269
3631,2.5491382169278434
3632,3.504372314856409
3633,3.4215520752624697
3634,4.2393931449377815
3635,3.6142332149779834
3636,2.30152620536877
3637,3.815208389210579
3638,3.207578623837591
3639,3.5880704140248905
3640,3.1030228303536087
3641,2.1921924135663255
3642,3.021268492924552
3643,3.4390593637380524
3644,3.2175924810744294
3645,3.4980344182601755
3646,2.324412320410858
3648,2.479707371560869
3649,3.1139180225268484
3651,0.7774294670846394
3652,2.069872850451463
3653,3.7358573952221175
3654,3.9734973823227393
3655,3.6354364460128625
3656,4.611111111111112
3657,3.529765428575683
3658,3.5351852141435
3659,3.1245515115707887
3660,2.83595579594559
3661,2.1744341591751875
3662,2.0317401404846893
3663,1.75545553059915
3664,1.6165337313206518
3665,1.6330061234371425
3666,1.607621937074684
3667,1.8135348310838744
3668,3.8934030187281157
3669,2.378379432577798
3670,3.430040526627447
3671,4.056057368238475
3672,2.9752008309273617
3673,2.339093189988182
3674,2.561892875060252
3675,3.7936556322813435
3676,3.459614772790689
3677,3.776061372637293
3678,3.661292839998198
3679,4.184412954806671
3680,3.825481949713491
3681,3.9249309460090767
3682,3.6855049067793053
3683,4.185435846406522
3684,3.3676791135984216
3685,3.590642856944782
3686,3.2253458242392123
3687,1.68
3688,2.7011734844186073
3689,1.9808908400479917
3690,1.9656620656684876
3691,2.5430203489787897
3692,2.1971306762229825
3693,2.6582093321182048
3694,1.7268369276225353
3695,1.7348031103402073
3696,2.4476843706420484
3697,2.8560180328589126
3698,3.1865335215849577
3699,3.464778634173894
3700,3.609696519437728
3701,3.178941326286721
3702,3.6630798212602564
3703,3.6776721563799653
3704,3.1637213747960935
3705,2.5803840461051357
3706,3.39944829079499
3707,3.0728207959757494
3708,2.957965957056316
3709,2.334553781905714
3710,2.269412955681941
3711,3.1630653415449137
3712,3.236710787217327
3713,3.657856786936936
3714,3.0746034844349666
3715,2.3589081734324044
3716,2.358029546356896
3717,2.958241351146306
3718,3.333839654162828
3719,2.9400240395108703
3720,3.6476547355590765
3721,2.409996624127169
3722,1.9524838012958965
3723,3.6916843763012985
3724,3.6992523382722178
3725,3.0879980190671956
3726,3.545715237084729
3727,3.683129119842025
3728,3.886353436213884
3729,3.437688589275685
3730,4.223209996475243
3731,3.4072867774591296
3732,2.984015373288189
3733,3.8165267300698265
3734,3.425067586109
3735,3.9805194293706125
3736,3.7807569092158175
3737,3.9064991812702674
3738,3.418002151330261
3739,3.8232915443705644
3740,3.4341381974652228
3741,4.046429151997039
3742,3.954616724248042
3743,2.5777567581743894
3744,3.2040322293335666
3745,3.3448951068597554
3746,3.824076651405605
3747,3.7370713949699415
3748,2.659632028987734
3749,3.0565184412772837
3751,3.838511327094526
3752,2.992464301021062
3753,3.708436348677888
3754,2.469040868522508
3755,3.3356414994029238
3756,3.3507641919601254
3757,2.9384982389666643
3758,2.705240769044774
3759,3.2682899114797013
3760,3.47169054689439
3761,2.8379703995485612
3762,0.5954738330975955
3763,3.569931829711586
3764,2.6351406313630044
3765,2.8546406554129224
3766,2.5540949340363337
3767,2.0807223173088873
3768,2.1411995907473287
3769,3.35543234799502
3770,3.4445615934459815
3771,3.3428959204745445
3772,1.5985315707030177
3773,2.827942622926046
3774,2.028154902361599
3775,3.2449362060737674
3776,3.262138889737143
3777,1.964788515246042
3778,2.9862911504689276
3780,3.058416132943072
3781,2.514041010879913
3782,2.7373928863074326
3783,3.916250839265933
3784,3.2432968108136433
3785,2.962861297289565
3786,3.212842542272808
3787,3.8304856830836167
3788,3.793483324058637
3789,4.206594722784577
3790,3.238487413268981
3791,3.054342427531629
3792,3.400125789412634
3793,3.811532676084146
3794,3.2343375204734452
3795,3.387477637014111
3796,3.384730143673566
3797,2.166628361242242
3798,3.2814904721818836
3799,1.5548909642769424
3800,2.210052143054536
3801,4.194347975659016
3802,2.3926438710119085
3803,3.3994457666261404
3804,2.4090038145290986
3805,2.7152081335670886
3806,3.207909511168857
3807,3.2567440148681
3808,4.015624721489004
3809,3.35075422273467
3810,3.0689453517053513
3811,4.073705003825317
3812,3.505687023887822
3813,3.2277564773303333
3814,3.979000361745057
3816,3.6809587696714643
3817,2.991641584496039
3818,2.231973171266921
3819,4.012640549237335
3820,1.8609871295954337
3821,2.6267193536100257
3822,3.7907919980353046
3823,3.579500386845311
3824,2.079541742264687
3825,2.7097406707098624
3826,2.52703248833653
3827,3.3716398578765836
3828,2.382758040846276
3830,2.882677369529935
3831,3.6835028766816964
3832,3.2047594737490535
3833,2.4792514903215745
3834,2.7608860459879923
3835,2.6442413831490152
3836,3.893105577918169
3837,2.819908857485619
3838,2.546383174618479
3839,2.563744209294431
3840,2.490230245222292
3841,2.6871816109689326
3843,2.5509497072369993
3844,3.538438072698894
3845,3.175527203493501
3846,3.0775458954814012
3847,2.9615229063285304
3848,3.0751112258980307
3849,3.916333391096667
3850,2.823638365297721
3851,3.880896503309362
3852,3.6078551793676006
3853,3.447224288680213
3854,3.5416732251141028
3855,3.4992655284284226
3857,2.5273971009095635
3858,3.135651105501224
3859,3.8142880429640993
3860,3.154261236833993
3861,3.0361980837370495
3862,2.9657668755420046
3863,3.264033166067531
3864,2.718701193190787
3865,3.2092990825931875
3866,2.625236516047063
3867,3.1352503506471208
3868,3.6832616637740285
3869,3.0914979675735705
3870,3.732595911012146
3871,3.8564638476255513
3872,3.8133418676980484
3873,3.724174920057352
3874,3.0068250972123214
3875,2.9607424572735757
3876,1.772006887969148
3877,1.989823896393668
3878,2.730019663926451
3879,2.779240196559639
3880,3.7963602227313022
3881,4.768041237113402
3882,3.2573973669046494
3883,2.761667075487089
3884,2.2357227426427735
3885,2.9640106084581883
3886,3.016577207903253
3887,2.7863336299301293
3888,3.9845594051847066
3889,2.412872885988216
3890,2.1818181818181817
3891,1.50211458031781
3892,2.443069283567589
3893,3.452640030363517
3894,3.238348809944458
3895,2.2909580486643666
3896,3.3006040983278933
3897,4.207698480658383
3898,2.729005919083305
3899,1.5535713470801562
3900,2.76745436497702
3901,2.668512554883152
3902,2.9553759621756646
3903,3.43727715005608
3904,0.5906976744186047
3905,3.639389130980667
3906,3.063748849652165
3908,2.053447745269422
3909,2.6506388476314435
3910,3.793922679875395
3911,4.025566626726725
3912,2.3150541602875907
3913,3.0351226618077134
3914,3.217539835791381
3915,3.5247446066017316
3916,3.9556317977393296
3917,3.1128647637155265
3918,2.7208809428802927
3919,2.166552367186778
3920,3.6562596078012435
3921,2.632616747693418
3922,2.52890611503754
3923,2.522927394566086
3924,2.907897778279118
3925,3.7706487829318083
3926,3.347365504080641
3927,3.5677933678276306
3928,3.372625465660495
3929,3.9265166237166143
3930,3.2724558975390043
3931,1.9710908484089136
3932,3.7012553941885935
3933,2.0883079328296046
3934,3.0646630684180423
3935,2.957315648745136
3936,3.6583306866943195
3937,2.9168080236313534
3938,1.7117613441097088
3939,1.7143778374035268
3940,1.4595524220625158
3941,1.9049756463115894
3942,1.6049061412551489
3943,3.001397583222673
3944,2.142238442433118
3945,1.4796606691552718
3946,2.221821910801595
3947,3.456088992387542
3948,3.594873631285211
3949,4.040899361032886
3950,3.673946452625229
3951,3.762975024633159
3952,3.7716829192736383
